epoch,loss,mae,val_loss,val_mae
0,0.8121167421340942,0.224269837141037,0.42675918340682983,0.0666285827755928
